HGVSp,ProteinPos,RefAA,Alt,AltAA,LLR
p.Met1324Leu,1324,M,,L,1.6678190231323242
p.Phe1296Leu,1296,F,,L,1.517151117324829
p.Asn1626Ser,1626,N,,S,1.3403241634368896
p.Thr1310Ser,1310,T,,S,0.7655658721923828
p.Gln1811Arg,1811,Q,,R,0.45092344284057617
p.Ala1627Thr,1627,A,,T,0.3266160488128662
p.Arg1649Ile,1649,R,,I,0.23293709754943848
p.Val1590Ala,1590,V,,A,0.19718098640441895
p.Gln1811Pro,1811,Q,,P,0.18375587463378906
p.Val1632Leu,1632,V,,L,0.16543173789978027
p.Lys1648Arg,1648,K,,R,0.1183173656463623
p.Glu1644Lys,1644,E,,K,0.014660835266113281
p.Val1234Val,1234,V,,V,0.0
p.Ser1580Ser,1580,S,,S,0.0
p.Lys1264Lys,1264,K,,K,0.0
p.Thr1289Pro,1289,T,,P,-0.337125301361084
p.Glu1630Gly,1630,E,,G,-0.36612582206726074
p.Glu1638Gly,1638,E,,G,-0.5154786109924316
p.Thr1640Arg,1640,T,,R,-0.5209660530090332
p.Thr374Ala,374,T,,A,-0.5366048812866211
p.Ser1631Ile,1631,S,,I,-0.8781499862670898
p.Glu1287Lys,1287,E,,K,-0.9470771551132202
p.Leu1639Phe,1639,L,,F,-0.9714276790618896
p.Lys301Arg,301,K,,R,-0.9826128482818604
p.Leu1261Phe,1261,L,,F,-1.4170336723327637
