rsId,Chromosome,Pos,Ref,Alt,HGVSp,AF
,17,43091643,A,C,p.Phe1296Leu,6.194811968872308e-07
rs201810810,17,43070971,T,C,p.Lys1648Arg,6.194819644020884e-07
rs770193975,17,43071020,C,G,p.Val1632Leu,6.194819644020884e-07
rs1064795449,17,43091666,T,G,p.Thr1289Pro,6.194827319188478e-07
rs2153824237,17,43071025,T,C,p.Glu1630Gly,6.19484266958072e-07
rs773524529,17,43071145,A,G,p.Val1590Ala,6.19484266958072e-07
,17,43091561,T,G,p.Met1324Leu,6.19485034480537e-07
rs80356831,17,43091748,T,A,p.Leu1261Phe,6.19485034480537e-07
rs1555586934,17,43091672,C,T,p.Glu1287Lys,6.194858020049038e-07
rs876660509,17,43070968,C,A,p.Arg1649Ile,6.194865695311726e-07
rs2052380495,17,43071001,T,C,p.Glu1638Gly,6.194865695311726e-07
rs397509205,17,43070984,C,T,p.Glu1644Lys,6.194873370593432e-07
rs1036328075,17,43070995,G,C,p.Thr1640Arg,6.194873370593432e-07
rs273901742,17,43071022,C,A,p.Ser1631Ile,6.194873370593432e-07
rs1060504558,17,43070997,C,G,p.Leu1639Phe,6.194881045894157e-07
rs2053499046,17,43091603,T,A,p.Thr1310Ser,6.194881045894157e-07
rs587780862,17,43091829,T,C,p.Val1234Val,6.194881045894157e-07
rs878854965,17,43094629,T,C,p.Lys301Arg,6.194881045894157e-07
rs80357040,17,43047678,T,G,p.Gln1811Pro,6.194888721213901e-07
rs80357040,17,43047678,T,C,p.Gln1811Arg,6.194888721213901e-07
,17,43071037,T,C,p.Asn1626Ser,6.194888721213901e-07
rs777297026,17,43071174,A,G,p.Ser1580Ser,6.194888721213901e-07
rs894781955,17,43091739,C,T,p.Lys1264Lys,6.194888721213901e-07
rs2154475036,17,43094411,T,C,p.Thr374Ala,6.194888721213901e-07
rs1597830446,17,43070969,T,TAAAA,p.Arg1649PhefsTer2,6.194896396552664e-07
rs774505084,17,43071035,C,T,p.Ala1627Thr,6.194896396552664e-07
