Gene,Transcript,HGVSp,MutationType,Position,RefAA,AltAA
MSH6,ENST00000234420.11,p.W50_S51insG,Insertion,50,WS,G
MSH6,ENST00000234420.11,p.P57_R58insGP,Insertion,57,PR,GP
MSH6,ENST00000234420.11,p.P57_R58insGP,Insertion,57,PR,GP
MSH6,ENST00000540021.6,p.M173I,Missense,173,M,I
MSH6,ENST00000540021.6,p.X1231delinsX,Delins,1231,X,X
VHL,ENST00000256474.3,p.M1?,Start Loss,1,M,?
VHL,ENST00000256474.3,p.M1?,Start Loss,1,M,?
VHL,ENST00000256474.3,p.E47_L48insSGPEE,Insertion,47,EL,SGPEE
MLH1,ENST00000231790.8,p.Y97C,Missense,97,Y,C
APC,ENST00000505350.1,p.M1L,Start Loss,1,M,L
APC,ENST00000507379.5,p.H1135_1136insE,Insertion,1135,H,E
APC,ENST00000257430.9,p.S1341_L1342insS,Insertion,1341,SL,S
APC,ENST00000257430.9,p.A2122_C2123insA,Insertion,2122,AC,A
APC,ENST00000257430.9,p.S2396_A2397insSTWN,Insertion,2396,SA,STWN
PMS2,ENST00000699754.1,p.V467_D468insQ,Insertion,467,VD,Q
PMS2,ENST00000699754.1,p.M246T,Missense,246,M,T
TSC1,ENST00000545250.5,p.M71V,Missense,71,M,V
RET,ENST00000340058.6,p.L19_P20insLLL,Insertion,19,LP,LLL
PTEN,ENST00000693560.1,p.A17_P18insAAAA,Insertion,17,AP,AAAA
PTEN,ENST00000693560.1,p.A17_P18insAAA,Insertion,17,AP,AAA
PTEN,ENST00000693560.1,p.A17_P18insAA,Insertion,17,AP,AA
PTEN,ENST00000693560.1,p.A17_P18insAAAAAA,Insertion,17,AP,AAAAAA
PTEN,ENST00000693560.1,p.A17_P18insAAA,Insertion,17,AP,AAA
WT1,ENST00000332351.9,p.P141_H142insP,Insertion,141,PH,P
MEN1,ENST00000377316.6,p.A412_E413insAEA,Insertion,412,AE,AEA
RB1,ENST00000267163.6,p.P29_E30insPP,Insertion,29,PE,PP
TSC2,ENST00000382538.10,p.M1?,Start Loss,1,M,?
TSC2,ENST00000382538.10,p.R1638_I1639insVGNMGLPQR,Insertion,1638,RI,VGNMGLPQR
PALB2,ENST00000261584.9,p.M1?,Start Loss,1,M,?
TP53,ENST00000504290.5,p.M28V,Missense,28,M,V
BRCA1,ENST00000586385.5,p.Q66Pfs,Frameshift,66,Q,Pfs*?
BRCA1,ENST00000634433.1,p.T229Afs,Frameshift,229,T,Afs*?
