Gene,Transcript,HGVSp,ProteinPos,RefAA,AltAA,LLR
MSH6,ENST00000234420.11,p.W50_S51insG,50,WS,WG,0.0
MSH6,ENST00000234420.11,p.P57_R58insGP,57,PR,PGP,0.0
MSH6,ENST00000234420.11,p.P57_R58insGP,57,PR,PGP,0.0
MSH6,ENST00000540021.6,p.M173I,173,M,I,0.8753652572631836
VHL,ENST00000256474.3,p.E47_L48insSGPEE,47,EL,ESGPEE,0.0
MLH1,ENST00000231790.8,p.Y97C,97,Y,C,-5.406513214111328
APC,ENST00000505350.1,p.M1L,1,M,L,-4.8702429831027985
APC,ENST00000257430.9,p.S1341_L1342insS,1341,SL,SS,0.0
APC,ENST00000257430.9,p.A2122_C2123insA,2122,AC,AA,0.0
APC,ENST00000257430.9,p.S2396_A2397insSTWN,2396,SA,SSTWN,0.0
PMS2,ENST00000699754.1,p.V467_D468insQ,467,VD,VQ,0.0
PMS2,ENST00000699754.1,p.M246T,246,M,T,1.0248560905456543
RET,ENST00000340058.6,p.L19_P20insLLL,19,LP,LLLL,0.0
PTEN,ENST00000693560.1,p.A17_P18insAAAA,17,AP,AAAAA,0.0
PTEN,ENST00000693560.1,p.A17_P18insAAA,17,AP,AAAA,0.0
PTEN,ENST00000693560.1,p.A17_P18insAA,17,AP,AAA,0.0
PTEN,ENST00000693560.1,p.A17_P18insAAAAAA,17,AP,AAAAAAA,0.0
PTEN,ENST00000693560.1,p.A17_P18insAAA,17,AP,AAAA,0.0
WT1,ENST00000332351.9,p.P141_H142insP,141,PH,PP,0.0
MEN1,ENST00000377316.6,p.A412_E413insAEA,412,AE,AAEA,0.0
RB1,ENST00000267163.6,p.P29_E30insPP,29,PE,PPP,0.0
TSC2,ENST00000382538.10,p.R1638_I1639insVGNMGLPQR,1638,RI,RVGNMGLPQR,0.0
TP53,ENST00000504290.5,p.M28V,28,M,V,1.5422310829162598
